{
  "name": "kugel-1",
  "vendorId": "0xFEED",
  "productId": "0xBA11",
  "matrix": { "rows": 3, "cols": 16 },
    "lighting": "qmk_rgblight",
  "layouts": {
    "keymap": [
  [
    {
      "y": 0.1
    },
    "0,12",
    "0,14"
  ],
  [
    {
      "rx": 3.25,
      "ry": 0.25,
      "y": -0.25,
      "x": 8
    },
    "2,2",
    "2,3"
  ],
  [
    {
      "x": 8.35
    },
    "2,1",
    "2,4"
  ],
  [
    {
      "y": -0.8999999999999999,
      "x": -3.125
    },
    "0,13",
    "0,15"
  ],
  [
    {
      "y": -0.10000000000000009,
      "x": 8.75
    },
    "2,5"
  ],
  [
    {
      "y": -0.8999999999999999,
      "x": -3
    },
    "0,10",
    "0,8"
  ],
  [
    {
      "r": 7.5,
      "y": -2.85,
      "x": -1.125
    },
    "0,1",
    "0,2",
    "1,14",
    "1,15",
    "1,0"
  ],
  [
    {
      "x": -0.8500000000000001
    },
    "0,0",
    "0,3",
    "1,13",
    "1,12"
  ],
  [
    {
      "x": -0.6000000000000001
    },
    "0,7",
    "0,4",
    "1,10",
    "1,8"
  ],
  [
    {
      "x": -0.25
    },
    "0,9",
    "0,5",
    "1,11"
  ],
  [
    {
      "r": 15,
      "rx": 7,
      "ry": 4,
      "y": -0.04999999999999982,
      "x": -1.3499999999999996
    },
    "1,9"
  ],
  [
    {
      "r": -15,
      "y": -1.1500000000000004,
      "x": -0.09999999999999964
    },
    "1,7"
  ],
  [
    {
      "r": -7.5,
      "rx": 3.25,
      "ry": 0.25,
      "y": 0.875,
      "x": 3.75
    },
    "1,1",
    "2,12",
    "2,13",
    "2,0"
  ],
  [
    {
      "x": 4
    },
    "1,3",
    "1,2",
    "2,14",
    "2,15"
  ],
  [
    {
      "x": 4.25
    },
    "1,5",
    "1,4",
    "2,10",
    "2,8"
  ],
  [
    {
      "x": 4.25
    },
    "1,6",
    "2,9"
  ]
  ]
  }
}